ãƒã‚¤ã‚¯ãƒ©ã®ã‚¹ãƒ©ã‚¤ãƒ ãƒãƒ£ãƒ³ã‚¯ãƒ•ã‚¡ã‚¤ãƒ³ãƒ€ãƒ¼ã‚’ä½œã£ã¦ã¿ãŸ,https://qiita.com/yo16/items/b19d139e13688d9740ec,29357,4,0,1,minecraft,TypeScript,React,ãƒã‚¤ã‚¯ãƒ©,2024-05-19T20:16:27+09:00,2024-05-30T19:24:33+09:00
ãƒã‚¤ã‚¯ãƒ©ã®å¸æ›¸ã‚¬ãƒãƒ£ã‚’ã€çµ±è¨ˆçš„ãªè¦³ç‚¹ã§æ¤œè¨¼,https://qiita.com/yo16/items/3d9a4d8e672455fe206f,22898,4,0,1,minecraft,çµ±è¨ˆå­¦,2024-05-22T20:40:46+09:00,2024-05-22T20:40:46+09:00
3Dã®æ•£å¸ƒå›³ã‚’ã•ãã£ã¨è¦‹ã‚‹ãƒ„ãƒ¼ãƒ«ã‚’ä½œã£ã¦ã¿ãŸ,https://qiita.com/yo16/items/b5af6d2e9d1bf5e8ab51,13846,3,0,1,JavaScript,three.js,3D,ã‚°ãƒ©ãƒ•,æ•£å¸ƒå›³,2022-03-20T21:35:39+09:00,2022-12-15T00:34:39+09:00
MoviePyã‚’ä½¿ã£ãŸå‹•ç”»è‡ªå‹•ç·¨é›†,https://qiita.com/yo16/items/9aaf3145d787eebb6d3d,10353,16,0,29,Python,å‹•ç”»,GIFã‚¢ãƒ‹ãƒ¡,2024-05-29T10:56:12+09:00,2024-06-03T22:10:35+09:00
VSCodeã®è‰²ã®ã‚«ã‚¹ã‚¿ãƒã‚¤ã‚º,https://qiita.com/yo16/items/1347b17d95919a9162c4,9441,4,0,2,ã‚«ã‚¹ã‚¿ãƒã‚¤ã‚º,VSCode,2024-04-20T12:49:56+09:00,2025-04-02T11:17:49+09:00
è¦‹ã‚‹ã ã‘ã®ã‚¬ãƒ³ãƒˆãƒãƒ£ãƒ¼ãƒˆã‚’ä½œã£ã¦ã¿ãŸ,https://qiita.com/yo16/items/fbb41932e904b1e96a25,7765,4,0,4,JavaScript,SVG,d3.js,ã‚¿ã‚¹ã‚¯ç®¡ç†,ã‚¬ãƒ³ãƒˆãƒãƒ£ãƒ¼ãƒˆ,2022-02-27T16:38:48+09:00,2022-02-27T16:38:48+09:00
ãƒã‚¤ã‚¯ãƒ©ã®å¸æ›¸ã‚¬ãƒãƒ£ã‚’è¨˜éŒ²ã™ã‚‹ãƒ—ãƒ­ã‚°ãƒ©ãƒ ã‚’ä½œã£ãŸ,https://qiita.com/yo16/items/4e29b53dbfb7503de184,7133,9,0,6,Python,ç”»åƒå‡¦ç†,minecraft,pygetwindow,2024-08-27T18:09:58+09:00,2024-08-30T22:48:13+09:00
ã‚¦ã‚£ãƒ³ãƒ‰ã‚¦æŒ‡å®šã§ç”»é¢ã‚­ãƒ£ãƒ—ãƒãƒ£ã‚’é€£ç¶šã§å–ã‚Šç¶šã‘ã‚‹,https://qiita.com/yo16/items/ace338a9fed3d27468bb,7055,4,0,5,Python,ã‚­ãƒ£ãƒ—ãƒãƒ£,2024-05-17T12:11:23+09:00,2024-05-17T12:11:23+09:00
Pythonã§GoogleDriveã¸ã‚¢ã‚¯ã‚»ã‚¹,https://qiita.com/yo16/items/2824bacf144c6c190e57,6556,2,0,4,Python,GoogleDrive,èªè¨¼,å€‹äººé–‹ç™º,GoogleCloud,2022-03-26T14:57:00+09:00,2022-03-26T14:57:00+09:00
kuromojiã‚’ä½¿ã£ãŸJavaScriptã ã‘ã®å½¢æ…‹ç´ è§£æ,https://qiita.com/yo16/items/8800735fef1b267166ef,6306,5,0,5,JavaScript,NLP,kuromoji,å½¢æ…‹ç´ è§£æ,2022-05-28T19:11:28+09:00,2022-05-28T19:12:49+09:00
BigQueryã®æ“ä½œã€‚pandas.DataFrameã§ã€‚,https://qiita.com/yo16/items/1e7ed021aa6568828e94,5668,0,0,1,Python,pandas,IAM,BigQuery,GoogleCloud,2022-05-01T16:38:48+09:00,2022-05-01T16:38:48+09:00
sklearnã®DecisionTreeClassifierã®çµæœã®ç†è§£,https://qiita.com/yo16/items/36ec237a574d8ab86a75,4974,0,0,0,Python,Graphviz,å¯è¦–åŒ–,æ±ºå®šæœ¨,2022-04-10T17:59:09+09:00,2022-04-10T18:02:21+09:00
GASã‹ã‚‰Xã¸æŠ•ç¨¿ï¼ˆ2025å¹´5æœˆæ™‚ç‚¹ç‰ˆï¼‰,https://qiita.com/yo16/items/65ec3488b55722c6e0a6,4577,2,0,2,JavaScript,Twitter,GAS,OAuth2.0,2025-05-12T08:59:09+09:00,2025-05-12T09:50:00+09:00
ã‚°ãƒ©ãƒ•ã®è»¸ã¯æ„å¤–ã¨é›£ã—ã„,https://qiita.com/yo16/items/ea620dc234286130e348,4351,0,0,2,JavaScript,ã‚°ãƒ©ãƒ•,2022-03-19T21:56:38+09:00,2022-03-19T21:56:38+09:00
Windowsã‚¿ãƒ¼ãƒŸãƒŠãƒ«ã¨ã€ã‚¨ã‚¯ã‚¹ãƒ—ãƒ­ãƒ¼ãƒ©ãƒ¼ã‚’é–‹ãã‚¹ã‚¯ãƒªãƒ—ãƒˆ,https://qiita.com/yo16/items/e5128cdee0d7ca181e84,4329,5,2,5,PowerShell,ã‚¨ã‚¯ã‚¹ãƒ—ãƒ­ãƒ¼ãƒ©,WindowsTerminal,2024-09-02T23:54:16+09:00,2024-09-03T10:11:22+09:00
Reactã§SVGè¦ç´ ã‚’ãƒ‰ãƒ©ãƒƒã‚°ã—ã¦ç§»å‹•ã€æ‹¡å¤§ç¸®å° ,https://qiita.com/yo16/items/77fad21dfe9c9f61d245,4164,2,0,2,JavaScript,SVG,React,2024-03-24T16:06:44+09:00,2024-03-24T16:06:44+09:00
n8nã‚’GCPã§ã‚»ãƒ«ãƒ•ãƒ›ã‚¹ãƒˆ,https://qiita.com/yo16/items/4c1b81c40db932e2bf8d,4070,9,0,10,ãƒ¯ãƒ¼ã‚¯ãƒ•ãƒ­ãƒ¼,gce,docker-compose,GoogleCloud,n8n.io,2024-12-26T13:27:15+09:00,2024-12-26T13:27:15+09:00
Tableau Onlineã®APIå‘¼ã³å‡ºã—,https://qiita.com/yo16/items/1dc551fb04bf18c49901,3907,0,0,1,JavaScript,Tableau,REST-API,Postman,2022-11-13T00:45:55+09:00,2022-11-13T00:45:55+09:00
Next.jsã§ãƒ­ãƒ¼ã‚«ãƒ«ã§ã¯buildã§ãã‚‹ã‘ã©vercelä¸Šã§ãƒ“ãƒ«ãƒ‰ã‚¨ãƒ©ãƒ¼ã®å¯¾å¿œ,https://qiita.com/yo16/items/0e23102ec8874ce7115d,3886,2,0,0,Build,Next.js,Vercel,2024-04-16T22:21:50+09:00,2024-04-16T22:21:50+09:00
3Dã®æ•£å¸ƒå›³ã‚’è¦‹ã‚‹ãƒ„ãƒ¼ãƒ«ã‚’plotly.jsã§ä½œã£ã¦ã¿ãŸ,https://qiita.com/yo16/items/1577b913de26366116c4,3703,1,0,1,3D,ã‚°ãƒ©ãƒ•,plotly,æ•£å¸ƒå›³,Javascrit,2022-09-10T20:04:09+09:00,2025-07-04T14:27:34+09:00
SVGè¦ç´ ã‚’ã€SVGãƒ•ã‚¡ã‚¤ãƒ«ã¨ã—ã¦ä¿å­˜ã€PNGãƒ•ã‚¡ã‚¤ãƒ«ã¨ã—ã¦ä¿å­˜,https://qiita.com/yo16/items/014fffcf89a80fc2392a,3619,0,0,1,JavaScript,SVG,PNG,ãƒ€ã‚¦ãƒ³ãƒ­ãƒ¼ãƒ‰,2024-04-01T16:39:17+09:00,2024-04-02T18:05:25+09:00
CHAIDã§æ±ºå®šæœ¨ã€‚Pythonã§,https://qiita.com/yo16/items/a2ee769bc434c791858c,3340,1,0,0,Python,æ±ºå®šæœ¨,CHAID,2022-04-15T01:34:10+09:00,2022-04-15T01:34:10+09:00
CSVãƒ•ã‚¡ã‚¤ãƒ«ã‚’ç‰¹å®šã®åˆ—ã‚’ã‚­ãƒ¼ã«ãƒ•ã‚¡ã‚¤ãƒ«åˆ†å‰²,https://qiita.com/yo16/items/3d350a383db973e8d5b2,3283,0,0,0,Python,CSV,BigQuery,2022-04-29T14:13:58+09:00,2022-04-29T14:13:58+09:00
buttonã®ç¸¦ä½ç½®,https://qiita.com/yo16/items/71acadca1e56559c7197,3189,2,0,0,HTML,vertical-align,2024-02-25T18:08:50+09:00,2024-02-25T18:08:50+09:00
Dockerã§PostgreSQLã‚’ç«‹ã¦ã¦CSVå–ã‚Šè¾¼ã¿ã™ã‚‹ã¾ã§,https://qiita.com/yo16/items/742f9b883cd978b9b75e,3156,0,0,3,PostgreSQL,Docker,åˆæœŸè¨­å®š,CSVã‚¤ãƒ³ãƒãƒ¼ãƒˆ,2023-06-25T23:02:13+09:00,2023-06-25T23:02:13+09:00
BigQueryã§åˆ†ã‹ã¡æ›¸ã,https://qiita.com/yo16/items/06c0df7f256760ecdb01,3149,1,0,1,JavaScript,GCS,BigQuery,è‡ªç„¶è¨€èª,åˆ†ã‹ã¡æ›¸ã,2022-06-04T19:20:52+09:00,2022-06-04T19:20:52+09:00
JRA-VANã‚’Node.jsã§ä½¿ã£ã¦ã¿ãŸ,https://qiita.com/yo16/items/1046f0839ea321cef565,3139,2,0,2,JavaScript,Node.js,TypeScript,ActiveX,ç«¶é¦¬,2025-01-15T18:26:46+09:00,2025-01-26T00:10:36+09:00
ãƒ‘ã‚¹ãƒ¯ãƒ¼ãƒ‰ã®ãƒãƒƒã‚·ãƒ¥åŒ–ã®æ‰‹æ³•ã®ãƒ¡ãƒ¢,https://qiita.com/yo16/items/d28f7b87c57dc14af691,3099,1,0,3,password,ãƒãƒƒã‚·ãƒ¥,2022-02-20T22:17:26+09:00,2022-02-20T22:17:26+09:00
Reactã‚’jestã§ãƒ†ã‚¹ãƒˆã™ã‚‹è¨­å®šæ–¹æ³•,https://qiita.com/yo16/items/d7dda9c8b496204fce82,3005,0,0,0,ãƒ†ã‚¹ãƒˆ,Jest,React,2024-01-31T18:11:20+09:00,2024-01-31T18:23:39+09:00
GCPã§Minecraftã‚µãƒ¼ãƒãƒ¼,https://qiita.com/yo16/items/ec8dbbfb9d777edc82f7,2945,4,0,3,server,minecraft,Docker,gce,GoogleCloud,2020-09-22T23:48:30+09:00,2020-09-22T23:48:30+09:00
ãƒã‚¤ã‚¯ãƒ©ã®ã‚¹ãƒ©ã‚¤ãƒ ãƒãƒ£ãƒ³ã‚¯ãƒ•ã‚¡ã‚¤ãƒ³ãƒ€ãƒ¼ï¼ˆæ­£å¼ç‰ˆï¼‰ã‚’ä½œã£ãŸ,https://qiita.com/yo16/items/ba9f33b855ed9494f1b1,2893,3,0,2,minecraft,React,ã‚¹ãƒ©ã‚¤ãƒ ãƒãƒ£ãƒ³ã‚¯,2024-06-08T14:15:15+09:00,2024-06-08T14:15:15+09:00
Reactã§canvasã®å…¨ä½“ã‚’ãƒ‰ãƒ©ãƒƒã‚°ã—ã¦ç§»å‹•ã€æ‹¡å¤§ç¸®å°,https://qiita.com/yo16/items/0362f263fee618ad2cee,2861,2,0,0,canvas,React,ãƒ‰ãƒ©ãƒƒã‚°,2024-05-29T22:41:43+09:00,2024-05-29T22:41:43+09:00
Reactã®çŠ¶æ…‹ç®¡ç†ãƒ©ã‚¤ãƒ–ãƒ©ãƒªRecoilã‚’å‹‰å¼·ã—ã‚ˆã†ã¨ã—ãŸã‚‰é–‹ç™ºãŒåœæ­¢ã—ã¦ã„ãŸè©±,https://qiita.com/yo16/items/5314764b70816046f365,2826,4,0,0,ãƒ–ãƒ­ã‚°,React,Recoil,2024-08-09T15:48:22+09:00,2024-08-09T15:48:22+09:00
ãƒãƒƒã‚·ãƒ¥å€¤ã‚’åœ§ç¸®ã™ã‚Œã°ã‚‚ã£ã¨çŸ­ãã§ãã‚‹ï¼Ÿâ†’é•·ããªã£ãŸ,https://qiita.com/yo16/items/2b590bef39ada16314f7,2763,2,1,0,Python,åœ§ç¸®,zip,ãƒãƒƒã‚·ãƒ¥,2022-03-02T23:45:16+09:00,2022-03-02T23:45:16+09:00
htmlã®liè¦ç´ ã‚’ãƒ‰ãƒ©ãƒƒã‚°ã—ã¦é †åºã‚’å¤‰æ›´ã§ãã‚‹ã‚ˆã†ã«ã™ã‚‹,https://qiita.com/yo16/items/7e63d1194e9fa6888724,2750,1,2,1,HTML,JavaScript,ä¸¦ã³æ›¿ãˆ,drag&drop,2024-05-03T17:34:05+09:00,2024-05-03T17:34:05+09:00
SQLAlchemyã§ãƒ‡ãƒ¼ã‚¿ã‚’ä¸€éƒ¨å–å¾—ã§ããªã„å•é¡Œã‚’è§£æ±ºã—ãŸå‚™å¿˜éŒ²,https://qiita.com/yo16/items/9c85c1c804229c8a1637,2739,1,0,3,Python,MySQL,sqlalchemy,ORM,2023-08-16T18:55:46+09:00,2023-08-16T19:01:03+09:00
Flaskã®Blueprintã‚’ä½¿ã£ãŸã²ãªå½¢,https://qiita.com/yo16/items/c10cbee2aa78760137ec,2665,1,0,1,Python,Flask,view,Blueprint,2022-04-21T00:11:33+09:00,2022-04-21T00:11:33+09:00
Windowsã®Terminalã‚’ä½¿ã†é–‹ç™ºæ™‚ã®åˆæœŸè¨­å®š,https://qiita.com/yo16/items/d17b3cec2302bf8e0713,2564,0,0,2,Ubuntu,Terminal,PowerShell,è‡ªå‹•åŒ–,Anaconda,2023-05-21T14:23:01+09:00,2023-05-21T14:28:56+09:00
BigQueryã§æ©Ÿæ¢°å­¦ç¿’(BQML),https://qiita.com/yo16/items/648018830c8a42758bfb,2329,0,0,0,æ©Ÿæ¢°å­¦ç¿’,BigQuery,ãƒ­ã‚¸ã‚¹ãƒ†ã‚£ãƒƒã‚¯å›å¸°,GoogleCloud,2022-05-28T01:26:33+09:00,2022-05-28T01:26:33+09:00
BigQueryã®ãƒ¦ãƒ¼ã‚¶ãƒ¼å®šç¾©é–¢æ•°ï¼ˆUDFï¼‰ã‚’JavaScriptã§å®šç¾©,https://qiita.com/yo16/items/88addc4779e3c774df8d,2304,1,0,0,JavaScript,JSON,BigQuery,udf,2022-05-29T17:24:05+09:00,2022-05-29T17:24:05+09:00
n8nã§JavaScriptã‚³ãƒ¼ãƒ‰ã‚’ãƒ‡ãƒãƒƒã‚°ã—ãŸã‚Šãƒ†ã‚¹ãƒˆã™ã‚‹,https://qiita.com/yo16/items/7e09e90a17614f4dbea6,2303,2,0,1,JavaScript,n8n.io,2025-02-20T23:10:52+09:00,2025-02-20T23:10:52+09:00
Google Spread Sheetã¨BigQueryã®åŒæœŸï¼ˆã‚¹ãƒ—ãƒ¬ãƒƒãƒ‰ã‚·ãƒ¼ãƒˆâ†’BQï¼‰,https://qiita.com/yo16/items/aa4a1ca0bc56e47eab93,2300,1,0,1,spreadsheet,GoogleDrive,BigQuery,2022-06-04T20:41:52+09:00,2022-06-04T20:41:52+09:00
Renderã®Exress.jsã«Reactã‚¢ãƒ—ãƒªã‚’è¼‰ã›ã‚‹æ–¹æ³•,https://qiita.com/yo16/items/e3ef757a1f5ea6548e18,2284,2,0,0,JavaScript,Node.js,Express,render,ç‚¹ç¾¤,2024-01-19T16:46:03+09:00,2024-01-19T16:46:03+09:00
ball sort puzzleã‚’ä½œã£ã¦ã¿ãŸ,https://qiita.com/yo16/items/4aca6f2f6fef0ef589df,2212,0,0,0,JavaScript,d3.js,puzzle,å€‹äººé–‹ç™º,2022-10-10T23:44:41+09:00,2022-10-10T23:49:04+09:00
ChatGPTã‹ã‚‰ã®æƒ…å ±æ¼æ´©ãŒãã®ã†ã¡å§‹ã¾ã‚‹ã‚“ã˜ã‚ƒãªã„ã‹,https://qiita.com/yo16/items/f27d9265ffa8838d2a91,2150,0,0,0,Security,ãƒã‚¨ãƒ ,ChatGPT,2023-04-09T12:52:36+09:00,2023-04-09T12:52:36+09:00
Nodeç’°å¢ƒ(Next.js)ã‹ã‚‰ã®ãŠå•ã„åˆã‚ã›ãƒ•ã‚©ãƒ¼ãƒ ,https://qiita.com/yo16/items/d7ca8afca969f850c169,2086,0,0,0,mail,SendGrid,nodemailer,Next.js,GoogleForms,2024-01-20T11:54:39+09:00,2024-01-20T11:54:39+09:00
JavaScriptã®é…åˆ—ã¨ã‚ªãƒ–ã‚¸ã‚§ã‚¯ãƒˆã®ç½®æ›,https://qiita.com/yo16/items/0d0e76e4a6dad28299ca,2052,1,4,0,JavaScript,JSON,map,reduce,2024-02-24T17:48:05+09:00,2024-02-25T10:54:47+09:00
VSCodeã®Remote-Containersã§Flaskã‚’ã‚„ã£ã¦ã¿ãŸ,https://qiita.com/yo16/items/527bcbdd19ebedfa16f6,2041,1,0,4,Python,Flask,Docker,VSCode,Remote-Containers,2020-09-27T00:20:33+09:00,2020-09-27T00:20:33+09:00
VSCodeã®ä¸‹ã®ã‚¿ãƒ¼ãƒŸãƒŠãƒ«ã§ã€condaç’°å¢ƒã‚’å‹•ã‹ã™æ–¹æ³•,https://qiita.com/yo16/items/892b21335b562404e83e,2000,0,0,1,Python,Anaconda,VSCode,conda,2025-03-09T12:09:21+09:00,2025-03-09T12:09:21+09:00
ãƒ“ãƒªãƒ¤ãƒ¼ãƒ‰å°ã®æ–œã‚æ’®ã‚Šç”»åƒã‹ã‚‰çœŸä¸Šæ’®ã‚Šç”»åƒã¸ã®å¤‰æ›,https://qiita.com/yo16/items/53a33c720efd9056b926,1991,3,7,5,Python,ç”»åƒå‡¦ç†,Perspective,å†™çœŸ,ãƒ“ãƒªãƒ¤ãƒ¼ãƒ‰,2024-04-23T14:18:10+09:00,2024-04-23T14:24:03+09:00
VSCodeæ©Ÿèƒ½æ‹¡å¼µã§è¡Œæœ«ã‚’ãã‚ãˆã‚‹ã€ŒLineEnd Straightenã€,https://qiita.com/yo16/items/0ea36d1990fea84695fb,1950,0,0,0,SQL,ãƒ†ã‚­ã‚¹ãƒˆã‚¨ãƒ‡ã‚£ã‚¿,ã‚³ãƒ¼ãƒ‰æ•´å½¢,VSCode-Extension,2023-04-08T16:37:40+09:00,2023-04-08T16:37:40+09:00
OGPã®åˆ©ç”¨ã‚’ã™ã‚‹ãŸã‚ã®çŸ¥è­˜,https://qiita.com/yo16/items/aff5b015688a257876f3,1942,0,0,1,HTML,OGP,2022-09-04T01:41:42+09:00,2022-09-04T01:41:42+09:00
Chromeæ©Ÿèƒ½æ‹¡å¼µ ã‚¿ã‚¤ãƒˆãƒ«ã¨URLã‚’ã‚³ãƒ”ãƒ¼ã™ã‚‹ã‚³ãƒãƒ³ãƒ‰ã‚’ä½œã£ãŸ,https://qiita.com/yo16/items/22c2f59d136cb3e0c3a2,1831,1,0,1,Markdown,chrome-extension,å€‹äººé–‹ç™º,2022-12-17T20:42:29+09:00,2023-01-04T01:21:14+09:00
ãƒãƒ¼ã‚³ãƒ¼ãƒ‰ã‚¢ãƒ—ãƒªBubbleã®æ„Ÿè§¦ã€éã‚¨ãƒ³ã‚¸ãƒ‹ã‚¢ã«ã¯é›£ã—ã„ãŒã‚¨ãƒ³ã‚¸ãƒ‹ã‚¢ã¯æ¥½ã«ãªã‚‹,https://qiita.com/yo16/items/3f13ba46fdf3024f3329,1786,0,0,0,ãƒã‚¨ãƒ ,Buble,2024-10-24T12:34:08+09:00,2024-10-24T12:34:08+09:00
äº”å³¶åˆ—å³¶ã®èˆ¹ä¾¿ã‚’æ¢ã™ãƒ„ãƒ¼ãƒ«ã‚’ä½œã£ã¦ã¿ãŸ,https://qiita.com/yo16/items/7ab8a016e8b93d936aa1,1785,6,2,2,JavaScript,å€‹äººé–‹ç™º,æ™‚åˆ»è¡¨,äº”å³¶,2022-07-31T20:55:25+09:00,2022-08-21T15:06:20+09:00
Nodeã‹ã‚‰BigQueryã‚¢ã‚¯ã‚»ã‚¹,https://qiita.com/yo16/items/ad6b3b9255c4eda5ecdf,1775,0,0,0,JavaScript,Node.js,Express,BigQuery,2024-02-02T16:37:03+09:00,2024-02-02T16:37:03+09:00
è‡ªåˆ†ã®ChatGPTã®éå»ã®ãƒãƒ£ãƒƒãƒˆã‚’ã€ChatGPTã«åˆ†æã•ã›ã‚ˆã†ã¨ã—ã¦ã¿ãŸãŒã€æ–­å¿µã—ãŸè©±,https://qiita.com/yo16/items/808e622545a89e28d2ce,1601,0,0,0,Python,ChatGPT,2024-11-26T13:41:36+09:00,2024-11-26T13:41:36+09:00
nvmã§64bitç‰ˆã¨32bitç‰ˆã®Nodeã‚’å…±å­˜ğŸ‘¯â€â™‚ï¸,https://qiita.com/yo16/items/15ce6dd5721f12045d8d,1593,0,0,0,JavaScript,Node.js,nvm,32bit,2025-01-26T00:03:32+09:00,2025-01-26T00:13:39+09:00
Reactã§ã€SVGã‚’ã¬ã‚‹ã¬ã‚‹å‹•ã‹ã™,https://qiita.com/yo16/items/02ed6d5539eeb37da4c0,1509,1,0,2,SVG,ã‚¢ãƒ‹ãƒ¡ãƒ¼ã‚·ãƒ§ãƒ³,React,framer-motion,2024-08-18T17:09:20+09:00,2024-08-19T12:10:29+09:00
SVGã§textãŒã´ã£ãŸã‚Šåã¾ã‚‹rectã‚’æã,https://qiita.com/yo16/items/bf81ae897755a0d01acf,1498,0,0,1,SVG,text,React,useLayoutEffect,2024-09-21T14:54:49+09:00,2024-09-21T14:54:49+09:00
DIVã‚’ã‚¹ãƒ ãƒ¼ã‚ºã«è¿½åŠ ã™ã‚‹ã‚¢ãƒ‹ãƒ¡ãƒ¼ã‚·ãƒ§ãƒ³,https://qiita.com/yo16/items/7698aec4a26a80ab19c5,1498,0,0,0,CSS,JavaScript,ã‚¢ãƒ‹ãƒ¡ãƒ¼ã‚·ãƒ§ãƒ³,2024-02-09T16:42:14+09:00,2024-02-09T16:42:14+09:00
GitHubã¸SSHæ¥ç¶šã§ããªã‹ã£ãŸè©±,https://qiita.com/yo16/items/01f27e9c402cd796ef14,1445,0,0,0,GitHub,SSH,æ¥ç¶šã§ããªã„,2021-03-14T14:24:30+09:00,2021-03-14T14:24:30+09:00
Postmanã‹ã‚‰X APIã‚’ä½¿ã†ã“ã¨ã§ã€OAuth2.0ã®ä½¿ã„æ–¹ã‚’ç†è§£ã§ããŸã®ã§è§£èª¬ã—ã¦ã¿ã¾ã™,https://qiita.com/yo16/items/e523806154a543f6633c,1422,2,0,1,API,TwitterAPI,OAuth2.0,Postman,2024-12-31T17:19:20+09:00,2024-12-31T17:22:53+09:00
D3.jsã§ã€ãƒ‰ãƒ©ãƒƒã‚°ã§ç¸¦æ¨ªç„¡é™ã‚¹ã‚¯ãƒ­ãƒ¼ãƒ«,https://qiita.com/yo16/items/0f6a58432e022fee7845,1415,1,1,2,JavaScript,SVG,d3.js,ç„¡é™ã‚¹ã‚¯ãƒ­ãƒ¼ãƒ«,ãƒ‰ãƒ©ãƒƒã‚°,2024-11-12T15:40:23+09:00,2024-11-12T16:40:22+09:00
Expressã«staticãªReactã‚¢ãƒ—ãƒªã‚’é…ç½®ã™ã‚‹æ–¹æ³• (æ”¹),https://qiita.com/yo16/items/c5e9f61de83260678338,1408,0,0,0,JavaScript,Express,package.json,React,ç›¸å¯¾ãƒ‘ã‚¹,2024-01-22T13:06:07+09:00,2024-01-22T13:06:07+09:00
æ—¥ä»˜ç¯„å›²ã®å·®æ¼”ç®— ã‚’ä½œã£ã¦ã¿ãŸ,https://qiita.com/yo16/items/db5362e29e9fad3c1a91,1406,0,0,0,Python,ã‚¢ãƒ«ã‚´ãƒªã‚ºãƒ ,æ—¥ä»˜,2023-03-19T21:50:36+09:00,2023-03-19T21:50:36+09:00
SQLLineageã‚’ä½œã£ã¦ã¿ãŸï¼ˆãƒ™ãƒ¼ã‚¿ç‰ˆãƒªãƒªãƒ¼ã‚¹ğŸï¼‰,https://qiita.com/yo16/items/cc5043a1c577e5049206,1399,2,0,0,Node.js,SQL,Express,React,ä½œã£ã¦ã¿ãŸ,2024-03-21T13:57:56+09:00,2024-03-25T13:27:08+09:00
pnpmã§ãƒ¢ãƒãƒ¬ãƒæ§‹æˆæ™‚ã®ãƒ‘ãƒƒã‚±ãƒ¼ã‚¸å‚ç…§æ–¹æ³•,https://qiita.com/yo16/items/1a2abdd509dedb119d4d,1291,0,0,1,JavaScript,Express,TypeScript,monorepo,pnpm,2025-04-04T10:26:22+09:00,2025-04-04T10:26:22+09:00
ã‚¿ãƒ¼ãƒŸãƒŠãƒ«ã«Google Cloud SDKã‚’è¿½åŠ ã™ã‚‹æ–¹æ³•,https://qiita.com/yo16/items/f849bdd419b1c8ba1aac,1269,0,0,0,Windows,Terminal,GoogleCloudSDK,2023-04-17T23:12:34+09:00,2023-04-17T23:15:56+09:00
Bubbleã®ãƒ—ãƒ©ã‚°ã‚¤ãƒ³ã§ã€ã‚µãƒ¼ãƒãƒ¼Actionã‹ã‚‰ã€JSONã‚ªãƒ–ã‚¸ã‚§ã‚¯ãƒˆã‚’è¿”ã™æ–¹æ³•,https://qiita.com/yo16/items/937d5a550e7e6d0d9ab1,1105,0,0,0,JavaScript,ãƒ—ãƒ©ã‚°ã‚¤ãƒ³,ãƒ­ãƒ¼ã‚³ãƒ¼ãƒ‰,Bubble,2024-12-06T17:59:12+09:00,2024-12-06T17:59:12+09:00
Electronã§ãƒ­ãƒ¼ã‚«ãƒ«ã‚¢ãƒ—ãƒªä½œæˆã®æœ€åˆ,https://qiita.com/yo16/items/c74dfc0a74bad44c0eaf,1097,1,0,3,Node.js,Electron,2024-12-24T13:25:22+09:00,2024-12-24T13:25:22+09:00
ChatGPTå›ã€ç§ã‚’æ€’ã‚‰ã›ã€å±ã‚‰ã‚Œã‚‹,https://qiita.com/yo16/items/b825d57bc65b6b38329b,1021,1,0,0,ãƒã‚¨ãƒ ,Bubble,ChatGPT,2025-06-20T13:41:52+09:00,2025-06-20T13:41:52+09:00
GCSã«ã‚ã‚‹CSVç¾¤ã‚’BigQueryã¸å–ã‚Šè¾¼ã‚€,https://qiita.com/yo16/items/1b3e5fd06789b3ff3a3a,1018,0,0,0,Bash,CSV,GCS,BigQuery,GoogleCloud,2022-04-29T18:23:40+09:00,2022-04-29T18:23:40+09:00
JavaScript Promiseã‚ªãƒ–ã‚¸ã‚§ã‚¯ãƒˆã‚’ä½¿ã£ãŸéåŒæœŸå‡¦ç†ã®åˆæ­©,https://qiita.com/yo16/items/4e893c677149b4be5cbd,1016,0,0,2,JavaScript,promise,éåŒæœŸå‡¦ç†,2023-01-04T01:11:58+09:00,2023-01-04T01:11:58+09:00
Node.jsã®express(TypeScriptç‰ˆ)ã§cè¨€èªã®ãƒ—ãƒ­ã‚°ãƒ©ãƒ ã‚’Renderã§å®Ÿè¡Œ,https://qiita.com/yo16/items/cda11e2aff10c3afcaf7,1006,0,0,0,C,Node.js,Express,TypeScript,2024-06-19T16:32:03+09:00,2024-06-20T10:59:15+09:00
ï¼’ã¤ã®ãƒªã‚¹ãƒˆã‚’ãƒãƒ¼ã‚¸ã™ã‚‹ãƒ„ãƒ¼ãƒ«ã‚’ä½œã£ãŸ,https://qiita.com/yo16/items/76efcc523f97ea37054c,986,1,2,0,JavaScript,ç·´ç¿’,2023-06-20T22:30:16+09:00,2023-06-20T22:30:16+09:00
Windows10ã«WSL2ã‚’ã‚¤ãƒ³ã‚¹ãƒˆãƒ¼ãƒ«ã™ã‚‹ã¨ãã®æ³¨æ„,https://qiita.com/yo16/items/bbd772fe2bd34e2f1547,953,2,0,4,ã‚¤ãƒ³ã‚¹ãƒˆãƒ¼ãƒ«,Windows10,è‡ªå‹•ç¿»è¨³,WSL2,2020-09-24T23:41:46+09:00,2020-09-24T23:50:42+09:00
Express(Node.js)ã§é‡ã„å‡¦ç†ã‚’ãƒãƒ«ãƒã‚¹ãƒ¬ãƒƒãƒ‰åŒ–,https://qiita.com/yo16/items/f6d701961fcc512f545b,897,0,0,0,JavaScript,Node.js,Express,ãƒãƒ«ãƒã‚¹ãƒ¬ãƒƒãƒ‰,2025-02-07T14:17:32+09:00,2025-02-07T14:25:02+09:00
å°è¦æ¨¡ãƒãƒ¼ãƒ ã«ãŠã‘ã‚‹Notionã®ä»£æ›¿ã®èª¿æŸ»,https://qiita.com/yo16/items/905739649abd465144b1,882,4,2,3,æƒ…å ±å…±æœ‰,ClickUp,Notion,2025-07-03T16:46:19+09:00,2025-07-03T16:50:57+09:00
å±‹å¤–ã‚¤ãƒ™ãƒ³ãƒˆã§ä½¿ãˆã‚‹ã‚¹ã‚¿ãƒ³ãƒ—ã‚«ãƒ¼ãƒ‰ã‚·ã‚¹ãƒ†ãƒ ã‚’é™çš„HTMLã§ä½œã£ãŸ,https://qiita.com/yo16/items/d17f145e237a3dba5bd3,868,2,0,2,HTML,JavaScript,React,ã‚¹ã‚¿ãƒ³ãƒ—,2025-04-16T20:53:56+09:00,2025-04-16T20:53:56+09:00
Node.jsã§ã®selectã®ãƒ‡ãƒ•ã‚©ãƒ«ãƒˆå€¤,https://qiita.com/yo16/items/bec49f17e4f3c45ac2fd,836,0,0,0,HTML,Node.js,JSX,select,2024-01-30T12:26:38+09:00,2024-01-30T12:26:38+09:00
Node.jsã®expressã§cè¨€èªã®ãƒ—ãƒ­ã‚°ãƒ©ãƒ ã‚’Renderã§å®Ÿè¡Œ,https://qiita.com/yo16/items/108de9889c79313df005,816,0,0,0,C,Node.js,Express,render,2024-06-19T15:19:32+09:00,2024-06-19T15:19:32+09:00
Claude Codeã§ã¯ã€ã‚·ã‚¹ãƒ†ãƒ é–‹ç™ºã¯ã¾ã ã‚‚ã†ä¸€æ­©,https://qiita.com/yo16/items/1d022c9631cb7b923bd5,808,1,0,1,ãƒã‚¨ãƒ ,ã‚·ã‚¹ãƒ†ãƒ é–‹ç™º,ClaudeCode,SuperClaude,2025-09-16T14:20:24+09:00,2025-09-16T14:20:24+09:00
ITæ‹…å½“ã¨ã—ã¦ç½å®³æ”¯æ´ã‚’ã—ã¦ã„ã‚‹è©±ï¼ˆç¬¬ä¸€å ±ï¼‰,https://qiita.com/yo16/items/d31485b73aa609a20bd6,793,1,0,0,IT,Airtable,ãƒœãƒ©ãƒ³ãƒ†ã‚£ã‚¢,èƒ½ç™»åœ°éœ‡,2024-03-25T19:34:23+09:00,2024-03-25T19:34:23+09:00
è¨˜äº‹å†…ã®h1,h2,h3ã®è¦‹åˆ†ã‘,https://qiita.com/yo16/items/cdbc7e2cf86496df2fe7,756,0,0,0,HTML,CSS,Markdown,2024-01-31T12:24:54+09:00,2024-01-31T12:24:54+09:00
Reactã§å­ãŒè¨ˆç®—ã—ãŸã‚µã‚¤ã‚ºã‚’è¦ªã«åæ˜ ã•ã›ã‚‹,https://qiita.com/yo16/items/df72b6ac904c42242395,727,0,0,0,React,å­ã‹ã‚‰è¦ª,vite,2024-08-05T14:28:36+09:00,2024-08-05T15:06:41+09:00
Bubbleã®ãƒãƒ¥ãƒ¼ãƒˆãƒªã‚¢ãƒ«ï¼‘ï¼šSaving data,https://qiita.com/yo16/items/d77a5cf8df18419b079e,712,0,0,0,åœ°å›³,éã‚¨ãƒ³ã‚¸ãƒ‹ã‚¢,ãƒ­ãƒ¼ã‚³ãƒ¼ãƒ‰,ãƒãƒ¼ã‚³ãƒ¼ãƒ‰,Bubble,2024-10-18T15:15:04+09:00,2024-10-30T14:18:17+09:00
pythonã§mpeg4ãƒ•ã‚¡ã‚¤ãƒ«ã‚’æ–‡å­—èµ·ã“ã—,https://qiita.com/yo16/items/4c95f59778aaa405656e,706,0,0,0,Python,MPEG4,æ–‡å­—èµ·ã“ã—,2024-07-21T12:17:19+09:00,2024-07-21T12:17:19+09:00
Bubbleã®ãƒãƒ¥ãƒ¼ãƒˆãƒªã‚¢ãƒ«ï¼’ï¼šBuilding a sign-up system,https://qiita.com/yo16/items/1ac9467ad5bb5ed6ba52,658,0,0,0,éã‚¨ãƒ³ã‚¸ãƒ‹ã‚¢,ãƒ­ã‚°ã‚¤ãƒ³æ©Ÿèƒ½,ãƒ­ãƒ¼ã‚³ãƒ¼ãƒ‰,ãƒãƒ¼ã‚³ãƒ¼ãƒ‰,Bubble,2024-10-19T13:42:27+09:00,2024-10-30T14:18:04+09:00
GASã§ã€Notionã®ãƒ‡ãƒ¼ã‚¿ãƒ™ãƒ¼ã‚¹ã‹ã‚‰Googleã‚«ãƒ¬ãƒ³ãƒ€ãƒ¼ã¸é€£æº,https://qiita.com/yo16/items/1e3160c2fea8956c81af,624,1,0,1,JavaScript,GoogleCalendar,GAS,Notion,2025-08-04T22:39:07+09:00,2025-08-04T22:39:07+09:00
Bubbleã®ãƒãƒ¥ãƒ¼ãƒˆãƒªã‚¢ãƒ«ï¼™ï¼šUsing the chart element,https://qiita.com/yo16/items/a19678a03b49b24456d6,623,0,0,0,ã‚°ãƒ©ãƒ•,ãƒ­ãƒ¼ã‚³ãƒ¼ãƒ‰,ãƒãƒ¼ã‚³ãƒ¼ãƒ‰,Bubble,2024-10-24T15:03:40+09:00,2024-10-30T14:21:06+09:00
Bubbleã®ãƒãƒ¥ãƒ¼ãƒˆãƒªã‚¢ãƒ«ï¼–ï¼šUsing conditions,https://qiita.com/yo16/items/57b9bef94122c59785db,622,0,0,0,æ¡ä»¶åˆ†å²,ãƒ­ãƒ¼ã‚³ãƒ¼ãƒ‰,ãƒãƒ¼ã‚³ãƒ¼ãƒ‰,Bubble,2024-10-22T13:19:20+09:00,2024-10-30T14:19:43+09:00
Google Analyticsã®ãƒ‡ãƒ¼ã‚¿ã‚’ã€Makeã‚’ä½¿ã£ã¦Supabaseã¸å–ã‚Šè¾¼ã‚€,https://qiita.com/yo16/items/5dccbd2cc63b2d0f0eca,590,0,0,0,GoogleAnalytics,Make,è‡ªå‹•åŒ–,Supabase,2024-11-13T19:23:33+09:00,2024-11-13T20:45:17+09:00
Reactã®ã‚¹ãƒ†ãƒ¼ã‚¿ã‚¹ã®ãƒ­ãƒƒã‚¯ï¼Ÿï¼ˆèª²é¡Œã®ãƒ¡ãƒ¢ï¼‰,https://qiita.com/yo16/items/e96814ce2154abad937c,588,0,4,0,éåŒæœŸå‡¦ç†,React,ãƒ­ãƒƒã‚¯,2024-08-20T13:16:40+09:00,2024-08-20T13:16:40+09:00
ITæ‹…å½“ã—ã¦ç½å®³æ”¯æ´ï¼ˆç¬¬äºŒå ±ï¼‰,https://qiita.com/yo16/items/e7b38c94fcef045796e1,579,1,0,0,GAS,TypeScript,React,2024-03-30T20:18:31+09:00,2024-03-30T20:18:31+09:00
React Routerã‚’ä½¿ã£ã¦ã¿ãŸ,https://qiita.com/yo16/items/daa0ba481c88a809e65b,569,0,0,0,React,ReactRouter,2024-02-07T11:00:16+09:00,2024-02-07T11:00:16+09:00
Bubbleã®ãƒãƒ¥ãƒ¼ãƒˆãƒªã‚¢ãƒ«ï¼—ï¼šDefining a field as a list of things,https://qiita.com/yo16/items/eda7b609d12ac16cb205,553,0,0,0,ãƒªã‚¹ãƒˆ,ãƒ­ãƒ¼ã‚³ãƒ¼ãƒ‰,ãƒãƒ¼ã‚³ãƒ¼ãƒ‰,Bubble,2024-10-22T14:52:01+09:00,2024-10-30T14:20:11+09:00
GASã§Reactã‚¢ãƒ—ãƒªã‚’ä½œã£ãŸã‘ã©ã€ãŠè”µå…¥ã‚Šã—ãŸè©±,https://qiita.com/yo16/items/b3d12a99b510d0bb4ffc,552,2,0,1,GAS,è¦ä»¶å®šç¾©,React,GoogleForms,2024-12-26T12:39:06+09:00,2024-12-26T12:39:06+09:00
Github Pagesã§Reactã®Routerï¼ˆãƒšãƒ¼ã‚¸é·ç§»ï¼‰ã‚’ä½¿ã„ã€GAã«æ­£ã—ãèªè­˜ã•ã›ã‚‹æ–¹æ³•,https://qiita.com/yo16/items/69307ccb940bb8ebb06d,529,0,0,0,JavaScript,GoogleAnalytics,Router,GithubPages,2025-04-17T11:35:37+09:00,2025-04-17T11:35:37+09:00
Bubbleã®ãƒãƒ¥ãƒ¼ãƒˆãƒªã‚¢ãƒ«ï¼•ï¼šSending data to pages,https://qiita.com/yo16/items/0b0a847b0e4fa382e07c,513,0,0,0,ãƒ­ãƒ¼ã‚³ãƒ¼ãƒ‰,ãƒãƒ¼ã‚³ãƒ¼ãƒ‰,Bubble,2024-10-21T12:34:22+09:00,2024-10-30T14:18:51+09:00
Bubbleã®ãƒãƒ¥ãƒ¼ãƒˆãƒªã‚¢ãƒ«ï¼”ï¼šBuilding a slideshow,https://qiita.com/yo16/items/c015c2097ae53055bca0,513,0,0,0,Plugin,éã‚¨ãƒ³ã‚¸ãƒ‹ã‚¢,ãƒ­ãƒ¼ã‚³ãƒ¼ãƒ‰,ãƒãƒ¼ã‚³ãƒ¼ãƒ‰,Bubble,2024-10-20T12:45:24+09:00,2024-10-30T14:17:34+09:00
Bubbleã®ãƒãƒ¥ãƒ¼ãƒˆãƒªã‚¢ãƒ«ï¼‘ï¼‘ï¼šGraduation lesson: a to-do app,https://qiita.com/yo16/items/dd7ec511db452f772d82,484,1,0,0,ãƒ­ãƒ¼ã‚³ãƒ¼ãƒ‰,ãƒãƒ¼ã‚³ãƒ¼ãƒ‰,Bubble,2024-10-30T13:59:14+09:00,2024-10-30T13:59:14+09:00
Bubbleã®ãƒãƒ¥ãƒ¼ãƒˆãƒªã‚¢ãƒ«ï¼“ï¼šSaving and modifying data,https://qiita.com/yo16/items/449b9e0b15ff76ec9584,483,0,0,0,éã‚¨ãƒ³ã‚¸ãƒ‹ã‚¢,ç¹°ã‚Šè¿”ã—å‡¦ç†,ãƒ­ãƒ¼ã‚³ãƒ¼ãƒ‰,ãƒãƒ¼ã‚³ãƒ¼ãƒ‰,Bubble,2024-10-20T00:02:01+09:00,2024-10-30T14:17:50+09:00
emojiï¼ˆçµµæ–‡å­—ï¼‰ã®ç™»éŒ²,https://qiita.com/yo16/items/563b0d7243f178e1f317,468,1,0,0,emoji,2024-03-06T16:32:26+09:00,2024-03-06T16:32:26+09:00
Google Sheets APIã§ã¯ã€Excelãƒ•ã‚¡ã‚¤ãƒ«ã«ã‚¢ã‚¯ã‚»ã‚¹ã§ããªã„,https://qiita.com/yo16/items/8df83076dea5b21d81ca,466,0,0,0,Excel,GoogleSheetsAPI,2025-01-11T18:52:00+09:00,2025-01-11T22:31:59+09:00
Bubbleã®ãƒãƒ¥ãƒ¼ãƒˆãƒªã‚¢ãƒ«ï¼˜ï¼šUsing external APIs,https://qiita.com/yo16/items/b99810f8d0262b9d0a1c,464,0,0,0,API,iTunes,ãƒ­ãƒ¼ã‚³ãƒ¼ãƒ‰,ãƒãƒ¼ã‚³ãƒ¼ãƒ‰,Bubble,2024-10-23T12:19:51+09:00,2024-10-30T14:20:37+09:00
ã€Œãƒ¡ãƒ‡ã‚£ã‚¢ã€ã¨ã€Œãƒ¡ãƒ†ã‚™ã‚£ã‚¢ã€ã¯é•ã†ã¨ã„ã†è©±,https://qiita.com/yo16/items/304e637bda452e5f610e,453,2,0,3,Python,UTF-8,æ–‡å­—ã‚³ãƒ¼ãƒ‰,OCR,æ¿ç‚¹,2025-10-08T17:55:11+09:00,2025-10-11T11:00:41+09:00
Bubbleã®ãƒãƒ¥ãƒ¼ãƒˆãƒªã‚¢ãƒ«ï¼‘ï¼ï¼šLogin with Facebook,https://qiita.com/yo16/items/a4f76c6cf70392822be2,430,0,0,0,ã‚½ãƒ¼ã‚·ãƒ£ãƒ«ãƒ­ã‚°ã‚¤ãƒ³,ãƒ­ãƒ¼ã‚³ãƒ¼ãƒ‰,ãƒãƒ¼ã‚³ãƒ¼ãƒ‰,Bubble,2024-10-25T14:51:56+09:00,2024-10-30T14:21:32+09:00
Bubbleã§3Dæ•£å¸ƒå›³ã®ãƒ—ãƒ©ã‚°ã‚¤ãƒ³ã‚’ä½œã£ã¦ã¿ãŸ,https://qiita.com/yo16/items/1e0aed9b598f8247868e,375,1,0,0,JavaScript,ãƒ—ãƒ©ã‚°ã‚¤ãƒ³,Bubble,2025-07-25T10:26:36+09:00,2025-07-25T10:26:36+09:00
ãƒ¬ã‚¹ãƒˆãƒ©ãƒ³ã®ã‚·ã‚§ãƒ•ã«ã€ITç³»å€‹äººäº‹æ¥­ä¸»ã®ä»•äº‹ã‚’ç›¸è«‡ã—ã¦ã¿ãŸè©±,https://qiita.com/yo16/items/520bc3af4f4bcc22f2c9,351,1,0,1,èª­ã¿ç‰©,å€‹äººäº‹æ¥­ä¸»,2024-04-21T12:38:36+09:00,2024-04-21T12:38:36+09:00
GASã®ã‚³ãƒ¼ãƒ‰ã‚’GitHubã«ç™»éŒ²ã™ã‚‹ã¨ãã®ãƒ‘ã‚¹ãƒ¯ãƒ¼ãƒ‰ã¨ã‹,https://qiita.com/yo16/items/ac87429e0d68ce54c8b5,338,0,0,2,GitHub,GAS,2025-08-04T23:04:01+09:00,2025-08-04T23:04:01+09:00
Super Claude(Claude Code)ã‚’ä½¿ã£ãŸã‚·ã‚¹ãƒ†ãƒ é–‹ç™ºã®å·¥å¤«,https://qiita.com/yo16/items/4a7b259193864dc298d7,324,2,0,1,ClaudeCode,SuperClaude,2025-09-17T15:56:10+09:00,2025-09-17T15:56:10+09:00
è‡ªå‹•åŒ–ï¼šWindowsã‚¢ãƒ—ãƒªã‹ã‚‰ã€å¿…è¦ãªæƒ…å ±ã‚’èª­ã¿å–ã‚‹,https://qiita.com/yo16/items/9f7e76d69f81c6391a7c,305,1,0,0,Python,Windows,è‡ªå‹•åŒ–,pyautogui,2025-10-09T21:24:04+09:00,2025-10-09T21:24:04+09:00
AIã‚’ä½¿ã£ãŸé–‹ç™ºã«å¯¾ã™ã‚‹é•å’Œæ„Ÿï¼ˆãƒ¢ãƒãƒ™ãŒç¶šã‹ãªã„ï¼‰,https://qiita.com/yo16/items/7a377825f1be2b41ca47,262,1,0,1,ãƒã‚¨ãƒ ,ãƒ¢ãƒãƒ™ãƒ¼ã‚·ãƒ§ãƒ³,AIé§†å‹•é–‹ç™º,2025-10-15T16:29:44+09:00,2025-10-15T16:29:44+09:00
GitHub Actionsã‚’ä½¿ã£ã¦ã€Supabaseã‚’å®šæœŸçš„ã«Activateã™ã‚‹æ–¹æ³•,https://qiita.com/yo16/items/7708e4cdbef5165435e0,260,0,0,0,cron,GitHubActions,Supabase,2025-07-11T17:06:06+09:00,2025-07-11T17:06:06+09:00
Notionã®ã‚«ãƒ¬ãƒ³ãƒ€ãƒ¼ã«å®šæœŸäºˆå®šã‚’ç™»éŒ²ã€n8nã§,https://qiita.com/yo16/items/feb392d7be84550c2722,207,0,0,0,ã‚«ãƒ¬ãƒ³ãƒ€ãƒ¼,è‡ªå‹•åŒ–,ç¹°ã‚Šè¿”ã—,Notion,n8n,2025-10-01T14:07:32+09:00,2025-10-01T14:07:32+09:00